<company>
   <department name="研发部" id="001">
       <person>
             <name>张三</name>
             <age>20</age>
             <name>李四</name>
             <age>25</age>
             <name>王五</name>
             <age>30</age>
           </person>
       </department>
   <department name="销售部" id = "002">
       <person>
           <name>张三发</name>
           <age>20</age>
           <name>李四啊</name>
           <age>25</age>
           <name>王五时</name>
           <age>30</age>
       </person>
   </department>
</company>
